<?xml version="1.0" encoding="utf-8"?>
<prefix name="googlelocation" label="Google Map Location" language_tag="en" language_label="English"><key name="admin_page_heading"><value>Location - Plugin Settings</value></key><key name="api_key"><value>API Key</value></key><key name="api_key_description"><value>&lt;b&gt;This is not required field.&lt;/b&gt;&#13;
&lt;br/&gt;&lt;br/&gt;&#13;
All Google Maps API applications* should load the Maps API using an API key.&lt;br/&gt;&lt;br/&gt; Using an API key enables you to monitor your application's Maps API usage, and ensures that Google can contact you about your application if necessary.&lt;br/&gt;&lt;br/&gt;&#13;
Follow this &lt;a href="https://developers.google.com/maps/documentation/javascript/tutorial"&gt;link&lt;/a&gt; to read more information</value></key><key name="api_key_too_long"><value>Invalid API key</value></key><key name="auto_fill_location_on_search"><value>Auto fill location on search</value></key><key name="auto_fill_location_on_search_description"><value>   </value></key><key name="back_to_map"><value>Back to map</value></key><key name="bing"><value>Bing</value></key><key name="bing_api_key_description"><value>Bing Maps require an API key to function properly. Please obtain the key &lt;a href=&quot;https://msdn.microsoft.com/en-us/library/ff428642.aspx&quot;&gt;here&lt;/a&gt;.

&lt;a href=&quot;https://msdn.microsoft.com/en-us/library/gg585136.aspx&quot;&gt;Click here&lt;/a&gt; to learn more about Bing Maps.</value></key><key name="bing_api_key_label"><value>Bing Api Key</value></key><key name="browse_users_page_heading"><value>Browse users</value></key><key name="country_restriction_description"><value>Select one country from the list to limit the search results.</value></key><key name="country_restriction_label"><value>Country</value></key><key name="distance_validator_error"><value>Can't be more than {$distance} {$units}</value></key><key name="distanse_units"><value>Distanse Units</value></key><key name="distanse_units_description"><value>  </value></key><key name="events_browse_page_title"><value>Browse events</value></key><key name="events_map_label"><value>Map</value></key><key name="events_widget_label"><value>Location</value></key><key name="event_browse_page_heading"><value>Browse events</value></key><key name="general_settings"><value>General Settings</value></key><key name="google"><value>Google</value></key><key name="googlemap_location_search_invitation"><value>town/district/zip</value></key><key name="kms"><value>kilometers</value></key><key name="kms_from"><value>kms from</value></key><key name="map_page_heading"><value>Map</value></key><key name="map_provider_label"><value>Map provider</value></key><key name="map_user_list_view_all_button_label"><value>View All ({$count})</value></key><key name="miles"><value>miles</value></key><key name="miles_from"><value>miles from</value></key><key name="no_country_restriction"><value>All countries</value></key><key name="settings_updated"><value>Settings updated</value></key><key name="users_map_menu_item"><value>Map</value></key><key name="user_list_location_sring"><value>{$location}</value></key><key name="widget_map_title"><value>Map</value></key><key name="widget_settings_map_center_lat"><value>Latitude of map center</value></key><key name="widget_settings_map_center_lng"><value>Longitude of map center</value></key><key name="widget_settings_map_height"><value>Map height (pixels)</value></key><key name="widget_settings_map_zoom"><value>Map zoom ( values range form 0 to 17 )</value></key>
<key name="plugin_require_configuration"><value>&lt;i&gt;Location Maps&lt;/i&gt; plugin requires API Key to work properly. &lt;a href=&quot;{$link}&quot;&gt;Go to settings page.&lt;/a&gt;</value></key>
<key name="invalid_api_key"><value>Invalid api key</value></key>
</prefix>
